{"id":"4252D0F3-475B-480F-A870-281778230111","validationEntity":{"analysedDataType":"auto","dataResult":{}},"modelEntity":{"createdDate":"2021-04-19T02:51:12Z","id":"9BFB4A6B-F029-4425-AA89-3CD382FD7E4E","experimentID":"4252D0F3-475B-480F-A870-281778230111","title":"","modifiedDate":"2021-04-19T02:51:12Z","preferredFilename":"","version":"1.0"},"version":"1.0","settingEntity":{"augmentations":[],"rmUserColumn":"prediction_animal","suggestedColumns":["prediction_animal","previous_animal","previous_condition","previous_result","result","selected_animal"],"seedType":"default","transferLearningEmbeddingType":"dynamic","rmItemColumn":"prediction_animal","algorithmType":"maxEnt","featureNames":[],"taskType":"recommender","suggestedColumnValues":["","","","","",""],"harVideoAugmentations":0,"styleTransferAlgorithmType":"image","suggestedColumnTypes":["Int","Int","String","String","String","Int"]},"state":"ready","trainingEntity":{"dataURL":"file:\/\/\/Users\/fadhilhanri\/Documents\/Challenge\/WWDC%202021\/prediction_data.csv","featureExtractionCheckpointMayBeAvailable":false,"dataResult":{"itemsCount":10001,"columns":["prediction_animal","previous_animal","previous_condition","previous_result","result","selected_animal"],"dataURL":"file:\/\/\/Users\/fadhilhanri\/Documents\/Challenge\/WWDC%202021\/prediction_data.csv","columnTypes":["Int","Int","String","String","String","Int"],"classesCount":3,"dataSourceID":"1DFB2AE4-FA02-4B76-80CA-77282C5B82AB","analysis":{"summary":{"sampleCount":10001,"classCount":3,"canUseValidation":1},"issues":[]},"columnValues":["","","","","",""]},"analysedDataType":"none","dataSourceID":"1DFB2AE4-FA02-4B76-80CA-77282C5B82AB","snapshottableCheckpoints":{},"checkpointMetrics":{},"progress":[]},"createdDate":"2021-04-19T02:51:12Z","snapshotRole":{"withoutSnapshots":0},"evaluationEntities":[],"activityEntities":["trainingDataAdded",[{"id":"A58EC3CC-E5B6-408F-A214-5AF837F3852F","title":"Training Data Added","createdDate":"2021-04-19T02:51:17Z","event":"trainingDataAdded","subtitle":"prediction_data.csv"}],"experimentCreated",[{"id":"F439AB3F-7426-4119-A5F5-289C44F91261","title":"Model Source Created","createdDate":"2021-04-19T02:51:12Z","event":"experimentCreated","subtitle":"AnimalRecommendation 1"}]],"title":"AnimalRecommendation 1","evaluationEntity":{"id":"84d72bfd-b5ef-4aee-b802-91c25248c28f","analysedDataType":"none","dataResult":{}},"evaluationState":"uninitialized","contentDataResult":{},"modifiedDate":"2021-04-19T02:51:39Z","preferredFilename":"AnimalRecommendation 1"}