[
  {
    "shortDescription" : "",
    "metadataOutputVersion" : "3.0",
    "outputSchema" : [
      {
        "isOptional" : "0",
        "formattedType" : "Double",
        "type" : "Double",
        "name" : "prediction_animal",
        "shortDescription" : ""
      }
    ],
    "version" : "",
    "modelParameters" : [

    ],
    "author" : "Fadhil Hanri",
    "specificationVersion" : 1,
    "license" : "",
    "isUpdatable" : "0",
    "availability" : {
      "macOS" : "10.13",
      "tvOS" : "11.0",
      "watchOS" : "4.0",
      "iOS" : "11.0",
      "macCatalyst" : "11.0"
    },
    "modelType" : {
      "name" : "MLModelType_pipelineRegressor",
      "structure" : [
        {
          "name" : "MLModelType_oneHotEncoder"
        },
        {
          "name" : "MLModelType_oneHotEncoder"
        },
        {
          "name" : "MLModelType_oneHotEncoder"
        },
        {
          "name" : "MLModelType_featureVectorizer"
        },
        {
          "name" : "MLModelType_treeEnsembleRegressor"
        }
      ]
    },
    "inputSchema" : [
      {
        "isOptional" : "0",
        "formattedType" : "String",
        "type" : "String",
        "name" : "previous_condition",
        "shortDescription" : ""
      },
      {
        "isOptional" : "0",
        "formattedType" : "String",
        "type" : "String",
        "name" : "previous_result",
        "shortDescription" : ""
      },
      {
        "isOptional" : "0",
        "formattedType" : "Double",
        "type" : "Double",
        "name" : "previous_animal",
        "shortDescription" : ""
      },
      {
        "isOptional" : "0",
        "formattedType" : "Double",
        "type" : "Double",
        "name" : "selected_animal",
        "shortDescription" : ""
      },
      {
        "isOptional" : "0",
        "formattedType" : "String",
        "type" : "String",
        "name" : "result",
        "shortDescription" : ""
      }
    ],
    "userDefinedMetadata" : {
      "com.apple.createml.app.tag" : "53.2.2",
      "com.apple.createml.version" : "11.2.3",
      "com.apple.coreml.model.preview.type" : "tabularRegressor",
      "com.apple.createml.app.version" : "2.0"
    },
    "generatedClassName" : "AnimalPrediction",
    "method" : "predict"
  }
]