{"id":"1A365D99-1A53-45F9-84BA-99D387F34BB8","validationEntity":{"analysedDataType":"auto","dataResult":{}},"modelEntity":{"createdDate":"2021-04-19T02:40:21Z","id":"4AB7C751-09CB-4C43-A262-0D2D84AF9C3F","experimentID":"1A365D99-1A53-45F9-84BA-99D387F34BB8","title":"","modifiedDate":"2021-04-19T02:40:21Z","preferredFilename":"","version":"1.0","modelURL":"Models\/AnimalPrediction%204.mlmodel"},"version":"1.0","settingEntity":{"augmentations":[],"suggestedColumns":["previous_condition","previous_result","previous_animal","selected_animal","result","prediction_animal"],"targetColumn":"prediction_animal","seedType":"default","transferLearningEmbeddingType":"dynamic","featureNames":["previous_condition","previous_result","previous_animal","selected_animal","result"],"algorithmType":"maxEnt","harVideoAugmentations":0,"taskType":"generalRegresor","suggestedColumnValues":["none, elephant, none, none, none, giraffe, none, elephant, none, giraffe, none, giraffe, none, giraffe, none, none, none, elephant, none, giraffe, none, none, ant, none, giraffe, none, none, ant, none, ant, none, giraffe, none, giraffe, none, ant, none, giraffe, none, ant, none, ant, none, giraffe, none, elephant, none, elephant, none, none, giraffe, none, ant","win, none, none, win, lose, win, win, draw, none, none, draw, draw, none, lose, lose, none, draw, draw, win, lose, draw, lose, draw, draw, lose, lose, win, none, draw, lose","1, -1, -1, 2, 1, 2, 2, 2, -1, -1, 1, 2, -1, 0, 2, -1, 0, 0, 2, 2, 0, 2, 0, 0, 2, 1, 1, -1, 2, 0","0, 0, 0, 2, 0, 1, 0, 2, 2, 2, 1, 0, 2, 2, 2, 1, 2, 0, 1, 0, 1, 2, 0, 0, 0, 1, 2, 1, 1, 0","win, win, lose, draw, lose, lose, draw, lose, lose, lose, win, lose, draw, win, lose, draw, draw, lose, lose, lose, draw, draw, draw, lose, draw, lose, draw, lose, draw, win","0, 0, 1, 1, 1, 2, 2, 0, 0, 0, 1, 1, 1, 2, 0, 0, 1, 1, 2, 1, 0, 1, 2, 1, 2, 2, 1, 2, 0, 0"],"suggestedColumnTypes":["String","String","Int","Int","String","Int"],"generalRegressorType":{"linearRegression":{"convergenceThreshold":0.01,"l2Penalty":0.01,"featureScaling":false,"l1Penalty":0,"stepSize":1}},"styleTransferAlgorithmType":"image","iterationCount":20},"state":"trained","trainingEntity":{"finishTime":"2021-04-19T02:48:16Z","recipeTrainingResults":{"generalRegressor":{"maximumError":1.0547448296151041,"rootMeanSquaredError":0.81479548208813612}},"dataResult":{"itemsCount":10001,"dataURL":"file:\/\/\/Users\/fadhilhanri\/Documents\/Challenge\/WWDC%202021\/prediction_data.csv","columns":["previous_condition","previous_result","previous_animal","selected_animal","result","prediction_animal"],"columnTypes":["String","String","Int","Int","String","Int"],"analysis":{"summary":{"canUseValidation":1,"sampleCount":10001},"issues":[{"description":"Data has 10001 rows","severity":"info"}],"regressorAnalysis":{"targetRange":[0,2]}},"dataSourceID":"BD97F062-D6F5-4E00-B06A-885ABCFBF558","columnValues":["none, elephant, none, none, none, giraffe, none, elephant, none, giraffe, none, giraffe, none, giraffe, none, none, none, elephant, none, giraffe, none, none, ant, none, giraffe, none, none, ant, none, ant, none, giraffe, none, giraffe, none, ant, none, giraffe, none, ant, none, ant, none, giraffe, none, elephant, none, elephant, none, none, giraffe, none, ant","win, none, none, win, lose, win, win, draw, none, none, draw, draw, none, lose, lose, none, draw, draw, win, lose, draw, lose, draw, draw, lose, lose, win, none, draw, lose","1, -1, -1, 2, 1, 2, 2, 2, -1, -1, 1, 2, -1, 0, 2, -1, 0, 0, 2, 2, 0, 2, 0, 0, 2, 1, 1, -1, 2, 0","0, 0, 0, 2, 0, 1, 0, 2, 2, 2, 1, 0, 2, 2, 2, 1, 2, 0, 1, 0, 1, 2, 0, 0, 0, 1, 2, 1, 1, 0","win, win, lose, draw, lose, lose, draw, lose, lose, lose, win, lose, draw, win, lose, draw, draw, lose, lose, lose, draw, draw, draw, lose, draw, lose, draw, lose, draw, win","0, 0, 1, 1, 1, 2, 2, 0, 0, 0, 1, 1, 1, 2, 0, 0, 1, 1, 2, 1, 0, 1, 2, 1, 2, 2, 1, 2, 0, 0"],"targetRange":[0,2]},"dataURL":"file:\/\/\/Users\/fadhilhanri\/Documents\/Challenge\/WWDC%202021\/prediction_data.csv","featureExtractionCheckpointMayBeAvailable":false,"recipeValidationResults":{"generalRegressor":{"maximumError":1.0547448296151041,"rootMeanSquaredError":0.81800127216578888}},"progress":[],"trainingAccuracy":0.81479548208813612,"checkpointMetrics":{},"analysedDataType":"datasource","dataSourceID":"BD97F062-D6F5-4E00-B06A-885ABCFBF558","snapshottableCheckpoints":{},"validationAccuracy":0.81800127216578888,"startTime":"2021-04-19T02:48:16Z"},"createdDate":"2021-04-19T02:40:21Z","snapshotRole":{"withoutSnapshots":0},"evaluationEntities":[],"activityEntities":["experimentCreated",[{"id":"302D0207-81EC-41EF-9CCE-7ED845A7BE0D","title":"Model Source Created","createdDate":"2021-04-19T02:40:21Z","event":"experimentCreated","subtitle":"AnimalPrediction 4"}],"trainingDataAdded",[{"id":"5AE9EA15-5D61-4D12-8868-0A5EDBF1C027","title":"Training Data Added","createdDate":"2021-04-19T02:40:24Z","event":"trainingDataAdded","subtitle":"prediction_data.csv"}],"trainingStarted",[{"id":"05712F13-1FBA-4091-A974-9B113104E260","title":"Training Started","createdDate":"2021-04-19T02:48:16Z","event":"trainingStarted","subtitle":"20 iterations"}],"trainingFinished",[{"id":"B4BE0AAD-93CD-42DB-84BB-C80BB6DE7DD6","title":"Training Completed","createdDate":"2021-04-19T02:48:16Z","event":"trainingFinished","subtitle":"20 iterations"}]],"title":"AnimalPrediction 4","evaluationEntity":{"id":"155d5119-f8e9-4013-9e4e-9c1726a0b653","analysedDataType":"none","dataResult":{}},"evaluationState":"uninitialized","contentDataResult":{},"modifiedDate":"2021-04-19T02:48:16Z","preferredFilename":"AnimalPrediction 4"}