{"id":"29165AC2-75CD-44A4-BCD9-0BBF86BAA67A","validationEntity":{"analysedDataType":"auto","dataResult":{}},"modelEntity":{"createdDate":"2021-04-19T02:31:20Z","id":"1A30D5EF-8FDF-4731-9FAA-D87C52B7B9F3","experimentID":"29165AC2-75CD-44A4-BCD9-0BBF86BAA67A","title":"","modifiedDate":"2021-04-19T02:31:20Z","preferredFilename":"","version":"1.0","modelURL":"Models\/AnimalPrediction%203.mlmodel"},"version":"1.0","settingEntity":{"augmentations":[],"suggestedColumns":["previous_condition","previous_result","previous_animal","selected_animal","result","prediction_animal"],"targetColumn":"prediction_animal","seedType":"default","transferLearningEmbeddingType":"dynamic","featureNames":["previous_condition","previous_result","previous_animal","selected_animal","result"],"algorithmType":"maxEnt","harVideoAugmentations":0,"taskType":"generalRegresor","suggestedColumnValues":["none, elephant, none, none, none, giraffe, none, elephant, none, giraffe, none, giraffe, none, giraffe, none, none, none, elephant, none, giraffe, none, none, ant, none, giraffe, none, none, ant, none, ant, none, giraffe, none, giraffe, none, ant, none, giraffe, none, ant, none, ant, none, giraffe, none, elephant, none, elephant, none, none, giraffe, none, ant","win, none, none, win, lose, win, win, draw, none, none, draw, draw, none, lose, lose, none, draw, draw, win, lose, draw, lose, draw, draw, lose, lose, win, none, draw, lose","1, -1, -1, 2, 1, 2, 2, 2, -1, -1, 1, 2, -1, 0, 2, -1, 0, 0, 2, 2, 0, 2, 0, 0, 2, 1, 1, -1, 2, 0","0, 0, 0, 2, 0, 1, 0, 2, 2, 2, 1, 0, 2, 2, 2, 1, 2, 0, 1, 0, 1, 2, 0, 0, 0, 1, 2, 1, 1, 0","win, win, lose, draw, lose, lose, draw, lose, lose, lose, win, lose, draw, win, lose, draw, draw, lose, lose, lose, draw, draw, draw, lose, draw, lose, draw, lose, draw, win","0, 0, 1, 1, 1, 2, 2, 0, 0, 0, 1, 1, 1, 2, 0, 0, 1, 1, 2, 1, 0, 1, 2, 1, 2, 2, 1, 2, 0, 0"],"suggestedColumnTypes":["String","String","Int","Int","String","Int"],"styleTransferAlgorithmType":"image","generalRegressorType":{"auto":{}}},"state":"trained","trainingEntity":{"finishTime":"2021-04-19T02:31:41Z","recipeTrainingResults":{"generalRegressor":{"maximumError":0.042548775672912612,"rootMeanSquaredError":0.027004095522565285}},"dataResult":{"itemsCount":10001,"dataURL":"file:\/\/\/Users\/fadhilhanri\/Documents\/Challenge\/WWDC%202021\/prediction_data.csv","columns":["previous_condition","previous_result","previous_animal","selected_animal","result","prediction_animal"],"columnTypes":["String","String","Int","Int","String","Int"],"analysis":{"summary":{"canUseValidation":1,"sampleCount":10001},"issues":[{"description":"Data has 10001 rows","severity":"info"}],"regressorAnalysis":{"targetRange":[0,2]}},"dataSourceID":"BD97F062-D6F5-4E00-B06A-885ABCFBF558","columnValues":["none, elephant, none, none, none, giraffe, none, elephant, none, giraffe, none, giraffe, none, giraffe, none, none, none, elephant, none, giraffe, none, none, ant, none, giraffe, none, none, ant, none, ant, none, giraffe, none, giraffe, none, ant, none, giraffe, none, ant, none, ant, none, giraffe, none, elephant, none, elephant, none, none, giraffe, none, ant","win, none, none, win, lose, win, win, draw, none, none, draw, draw, none, lose, lose, none, draw, draw, win, lose, draw, lose, draw, draw, lose, lose, win, none, draw, lose","1, -1, -1, 2, 1, 2, 2, 2, -1, -1, 1, 2, -1, 0, 2, -1, 0, 0, 2, 2, 0, 2, 0, 0, 2, 1, 1, -1, 2, 0","0, 0, 0, 2, 0, 1, 0, 2, 2, 2, 1, 0, 2, 2, 2, 1, 2, 0, 1, 0, 1, 2, 0, 0, 0, 1, 2, 1, 1, 0","win, win, lose, draw, lose, lose, draw, lose, lose, lose, win, lose, draw, win, lose, draw, draw, lose, lose, lose, draw, draw, draw, lose, draw, lose, draw, lose, draw, win","0, 0, 1, 1, 1, 2, 2, 0, 0, 0, 1, 1, 1, 2, 0, 0, 1, 1, 2, 1, 0, 1, 2, 1, 2, 2, 1, 2, 0, 0"],"targetRange":[0,2]},"dataURL":"file:\/\/\/Users\/fadhilhanri\/Documents\/Challenge\/WWDC%202021\/prediction_data.csv","featureExtractionCheckpointMayBeAvailable":false,"recipeValidationResults":{"generalRegressor":{"maximumError":0.042548775672912612,"rootMeanSquaredError":0.026035238755417196}},"progress":[],"trainingAccuracy":0.027004095522565285,"checkpointMetrics":{},"analysedDataType":"none","dataSourceID":"BD97F062-D6F5-4E00-B06A-885ABCFBF558","snapshottableCheckpoints":{},"validationAccuracy":0.026035238755417196,"startTime":"2021-04-19T02:31:40Z"},"createdDate":"2021-04-19T02:31:20Z","snapshotRole":{"withoutSnapshots":0},"evaluationEntities":[],"activityEntities":["trainingDataAdded",[{"id":"BE7A8720-F88D-493F-9257-CCB586533143","title":"Training Data Added","createdDate":"2021-04-19T02:31:26Z","event":"trainingDataAdded","subtitle":"prediction_data.csv"}],"experimentCreated",[{"id":"D4AFAACB-C648-407A-9765-EDA36319ED43","title":"Model Source Created","createdDate":"2021-04-19T02:31:20Z","event":"experimentCreated","subtitle":"AnimalPrediction 3"}],"trainingFinished",[{"id":"7141BF85-4DB5-4E6E-91F6-F59EF81E9A80","title":"Training Completed","createdDate":"2021-04-19T02:31:41Z","event":"trainingFinished","subtitle":"AnimalPrediction 3"}],"trainingStarted",[{"id":"A477DE1A-71C5-4D6F-9F96-729918C2CEB3","title":"Training Started","createdDate":"2021-04-19T02:31:40Z","event":"trainingStarted","subtitle":"AnimalPrediction 3"}]],"title":"AnimalPrediction 3","evaluationEntity":{"id":"8accdb76-a790-4a0d-bd32-e7c5d99547e5","analysedDataType":"none","dataResult":{}},"evaluationState":"uninitialized","contentDataResult":{},"modifiedDate":"2021-04-19T02:31:41Z","preferredFilename":"AnimalPrediction 3"}