{"id":"6375597C-4F20-4487-9881-8180F14A7F6B","validationEntity":{"analysedDataType":"auto","dataResult":{}},"modelEntity":{"createdDate":"2021-04-19T01:34:13Z","id":"0FA7D043-EE3D-4394-9DC4-77DA6B2D8627","experimentID":"6375597C-4F20-4487-9881-8180F14A7F6B","title":"","modifiedDate":"2021-04-19T01:34:13Z","preferredFilename":"","version":"1.0","modelURL":"Models\/AnimalPrediction%202.mlmodel"},"version":"1.0","settingEntity":{"augmentations":[],"suggestedColumns":["previous_condition","previous_result","previous_animal","selected_animal","result","prediction_animal"],"targetColumn":"prediction_animal","seedType":"default","transferLearningEmbeddingType":"dynamic","featureNames":["previous_condition","previous_result","previous_animal","selected_animal","result"],"algorithmType":"maxEnt","harVideoAugmentations":0,"taskType":"generalRegresor","suggestedColumnValues":["none, ant, none, elephant, none, elephant, none, giraffe, none, ant, none, giraffe, none, elephant, none, elephant, none, elephant, none, elephant, none, giraffe, none, elephant, none, elephant, none, giraffe, none, elephant, none, ant, none, elephant, none, none, giraffe, none, elephant, none, elephant, none, elephant, none, elephant, none, giraffe, none, ant, none, giraffe, none, none, elephant, none, giraffe, none","draw, win, lose, win, win, draw, win, win, lose, draw, draw, draw, win, lose, lose, lose, lose, none, lose, win, lose, draw, lose, lose, win, win, none, lose, win, none","ant, elephant, elephant, giraffe, ant, giraffe, elephant, elephant, elephant, elephant, giraffe, elephant, elephant, giraffe, elephant, ant, elephant, none, giraffe, elephant, elephant, elephant, elephant, giraffe, ant, giraffe, none, elephant, giraffe, none","0, 0, 0, 1, 2, 2, 2, 1, 2, 2, 1, 1, 0, 1, 0, 0, 0, 0, 1, 0, 2, 1, 1, 1, 1, 2, 0, 2, 1, 1","win, lose, lose, draw, win, draw, draw, win, draw, lose, draw, lose, lose, lose, draw, lose, lose, win, win, draw, win, win, draw, win, win, win, draw, win, lose, win","0, 1, 1, 0, 2, 1, 1, 1, 1, 0, 0, 2, 1, 2, 2, 1, 1, 0, 1, 2, 2, 1, 0, 1, 1, 2, 2, 2, 2, 1"],"suggestedColumnTypes":["String","String","String","Int","String","Int"],"styleTransferAlgorithmType":"image","generalRegressorType":{"auto":{}}},"state":"trained","trainingEntity":{"finishTime":"2021-04-19T01:34:32Z","recipeTrainingResults":{"generalRegressor":{"maximumError":0.043137192726135268,"rootMeanSquaredError":0.027231799423972719}},"dataResult":{"itemsCount":10001,"dataURL":"file:\/\/\/Users\/fadhilhanri\/Documents\/Challenge\/WWDC%202021\/prediction_data.csv","columns":["previous_condition","previous_result","previous_animal","selected_animal","result","prediction_animal"],"columnTypes":["String","String","String","Int","String","Int"],"analysis":{"summary":{"canUseValidation":1,"sampleCount":10001},"issues":[{"description":"Data has 10001 rows","severity":"info"}],"regressorAnalysis":{"targetRange":[0,2]}},"dataSourceID":"BD97F062-D6F5-4E00-B06A-885ABCFBF558","columnValues":["none, ant, none, elephant, none, elephant, none, giraffe, none, ant, none, giraffe, none, elephant, none, elephant, none, elephant, none, elephant, none, giraffe, none, elephant, none, elephant, none, giraffe, none, elephant, none, ant, none, elephant, none, none, giraffe, none, elephant, none, elephant, none, elephant, none, elephant, none, giraffe, none, ant, none, giraffe, none, none, elephant, none, giraffe, none","draw, win, lose, win, win, draw, win, win, lose, draw, draw, draw, win, lose, lose, lose, lose, none, lose, win, lose, draw, lose, lose, win, win, none, lose, win, none","ant, elephant, elephant, giraffe, ant, giraffe, elephant, elephant, elephant, elephant, giraffe, elephant, elephant, giraffe, elephant, ant, elephant, none, giraffe, elephant, elephant, elephant, elephant, giraffe, ant, giraffe, none, elephant, giraffe, none","0, 0, 0, 1, 2, 2, 2, 1, 2, 2, 1, 1, 0, 1, 0, 0, 0, 0, 1, 0, 2, 1, 1, 1, 1, 2, 0, 2, 1, 1","win, lose, lose, draw, win, draw, draw, win, draw, lose, draw, lose, lose, lose, draw, lose, lose, win, win, draw, win, win, draw, win, win, win, draw, win, lose, win","0, 1, 1, 0, 2, 1, 1, 1, 1, 0, 0, 2, 1, 2, 2, 1, 1, 0, 1, 2, 2, 1, 0, 1, 1, 2, 2, 2, 2, 1"],"targetRange":[0,2]},"dataURL":"file:\/\/\/Users\/fadhilhanri\/Documents\/Challenge\/WWDC%202021\/prediction_data.csv","featureExtractionCheckpointMayBeAvailable":false,"recipeValidationResults":{"generalRegressor":{"maximumError":0.043137192726135268,"rootMeanSquaredError":0.028420178592226685}},"progress":[],"trainingAccuracy":0.027231799423972719,"checkpointMetrics":{},"analysedDataType":"datasource","dataSourceID":"BD97F062-D6F5-4E00-B06A-885ABCFBF558","snapshottableCheckpoints":{},"validationAccuracy":0.028420178592226685,"startTime":"2021-04-19T01:34:32Z"},"createdDate":"2021-04-19T01:34:13Z","snapshotRole":{"withoutSnapshots":0},"evaluationEntities":[],"activityEntities":["trainingStarted",[{"id":"6523727B-F014-4E1A-9FF9-0A494E723730","title":"Training Started","createdDate":"2021-04-19T01:34:32Z","event":"trainingStarted","subtitle":"AnimalPrediction 2"}],"trainingFinished",[{"id":"222AD478-D9A4-4821-8AFA-42DC1C03A1FF","title":"Training Completed","createdDate":"2021-04-19T01:34:32Z","event":"trainingFinished","subtitle":"AnimalPrediction 2"}],"experimentCreated",[{"id":"7B13241F-6794-4DA0-AC60-02232493A818","title":"Model Source Created","createdDate":"2021-04-19T01:34:13Z","event":"experimentCreated","subtitle":"AnimalPrediction 2"}],"trainingDataAdded",[{"id":"472794FF-5B0D-46F1-8BBC-592F29827C7C","title":"Training Data Added","createdDate":"2021-04-19T01:34:18Z","event":"trainingDataAdded","subtitle":"prediction_data.csv"}]],"title":"AnimalPrediction 2","evaluationEntity":{"id":"6fd24e0a-e142-4bda-a9fa-909b4d24e646","analysedDataType":"none","dataResult":{}},"evaluationState":"uninitialized","contentDataResult":{},"modifiedDate":"2021-04-19T01:34:32Z","preferredFilename":"AnimalPrediction 2"}