{"id":"72EF2F09-ACA7-4AD0-916B-D820DE6E9D17","validationEntity":{"analysedDataType":"auto","dataResult":{}},"modelEntity":{"createdDate":"2021-04-18T23:02:30Z","id":"6FF2D4B8-01B5-4203-A6A7-CFBE06494B73","experimentID":"72EF2F09-ACA7-4AD0-916B-D820DE6E9D17","title":"","modifiedDate":"2021-04-18T23:02:30Z","preferredFilename":"","version":"1.0","modelURL":"Models\/AnimalPrediction%201.mlmodel"},"version":"1.0","settingEntity":{"augmentations":[],"suggestedColumns":["previous_condition","previous_result","previous_animal","selected_animal","result","prediction_animal"],"targetColumn":"prediction_animal","seedType":"default","transferLearningEmbeddingType":"dynamic","featureNames":["previous_condition","previous_result","previous_animal","selected_animal","result"],"algorithmType":"maxEnt","harVideoAugmentations":0,"taskType":"generalRegresor","suggestedColumnValues":["none, elephant, none, none, none, ant, none, giraffe, none, elephant, none, giraffe, none, ant, none, giraffe, none, elephant, none, elephant, none, none, elephant, none, elephant, none, none, giraffe, none, giraffe, none, giraffe, none, none, giraffe, none, none, ant, none, elephant, none, elephant, none, elephant, none, elephant, none, elephant, none, giraffe, none, elephant, none, ant","draw, none, none, lose, lose, lose, win, draw, lose, win, win, none, lose, win, none, lose, draw, lose, none, win, none, win, lose, win, draw, draw, draw, draw, win, lose","elephant, none, none, ant, giraffe, elephant, giraffe, ant, giraffe, elephant, elephant, none, elephant, elephant, none, giraffe, giraffe, giraffe, none, giraffe, none, ant, elephant, elephant, elephant, elephant, elephant, giraffe, elephant, ant","2, 0, 0, 0, 1, 2, 2, 2, 2, 0, 0, 2, 0, 2, 2, 0, 0, 0, 1, 0, 2, 2, 1, 2, 0, 0, 1, 2, 2, 2","draw, lose, win, lose, lose, lose, win, draw, lose, win, win, lose, lose, win, lose, lose, draw, lose, win, win, draw, win, lose, win, draw, draw, draw, draw, win, lose","1, 1, 0, 1, 2, 0, 2, 1, 0, 0, 0, 0, 1, 2, 0, 1, 2, 1, 1, 0, 1, 2, 2, 2, 2, 2, 0, 1, 2, 0"],"suggestedColumnTypes":["String","String","String","Int","String","Int"],"styleTransferAlgorithmType":"image","generalRegressorType":{"auto":{}}},"state":"trained","trainingEntity":{"finishTime":"2021-04-19T00:41:35Z","recipeTrainingResults":{"generalRegressor":{"maximumError":0.043086051940917969,"rootMeanSquaredError":0.027373881253096859}},"dataResult":{"itemsCount":10001,"dataURL":"file:\/\/\/Users\/fadhilhanri\/Documents\/Challenge\/WWDC%202021\/prediction_data.csv","columns":["previous_condition","previous_result","previous_animal","selected_animal","result","prediction_animal"],"columnTypes":["String","String","String","Int","String","Int"],"analysis":{"summary":{"canUseValidation":1,"sampleCount":10001},"issues":[{"description":"Data has 10001 rows","severity":"info"}],"regressorAnalysis":{"targetRange":[0,2]}},"dataSourceID":"BD97F062-D6F5-4E00-B06A-885ABCFBF558","columnValues":["none, elephant, none, none, none, ant, none, giraffe, none, elephant, none, giraffe, none, ant, none, giraffe, none, elephant, none, elephant, none, none, elephant, none, elephant, none, none, giraffe, none, giraffe, none, giraffe, none, none, giraffe, none, none, ant, none, elephant, none, elephant, none, elephant, none, elephant, none, elephant, none, giraffe, none, elephant, none, ant","draw, none, none, lose, lose, lose, win, draw, lose, win, win, none, lose, win, none, lose, draw, lose, none, win, none, win, lose, win, draw, draw, draw, draw, win, lose","elephant, none, none, ant, giraffe, elephant, giraffe, ant, giraffe, elephant, elephant, none, elephant, elephant, none, giraffe, giraffe, giraffe, none, giraffe, none, ant, elephant, elephant, elephant, elephant, elephant, giraffe, elephant, ant","2, 0, 0, 0, 1, 2, 2, 2, 2, 0, 0, 2, 0, 2, 2, 0, 0, 0, 1, 0, 2, 2, 1, 2, 0, 0, 1, 2, 2, 2","draw, lose, win, lose, lose, lose, win, draw, lose, win, win, lose, lose, win, lose, lose, draw, lose, win, win, draw, win, lose, win, draw, draw, draw, draw, win, lose","1, 1, 0, 1, 2, 0, 2, 1, 0, 0, 0, 0, 1, 2, 0, 1, 2, 1, 1, 0, 1, 2, 2, 2, 2, 2, 0, 1, 2, 0"],"targetRange":[0,2]},"dataURL":"file:\/\/\/Users\/fadhilhanri\/Documents\/Challenge\/WWDC%202021\/prediction_data.csv","featureExtractionCheckpointMayBeAvailable":false,"recipeValidationResults":{"generalRegressor":{"maximumError":0.043086051940917969,"rootMeanSquaredError":0.02731040743565654}},"progress":[],"trainingAccuracy":0.027373881253096859,"checkpointMetrics":{},"analysedDataType":"none","dataSourceID":"BD97F062-D6F5-4E00-B06A-885ABCFBF558","snapshottableCheckpoints":{},"validationAccuracy":0.02731040743565654,"startTime":"2021-04-19T00:41:33Z"},"createdDate":"2021-04-18T23:02:30Z","snapshotRole":{"withoutSnapshots":0},"evaluationEntities":[],"activityEntities":["experimentCreated",[{"id":"29A26A1D-A41E-416E-BAE9-66CA4F76F3F3","title":"Model Source Created","createdDate":"2021-04-18T23:02:30Z","event":"experimentCreated","subtitle":"AnimalPrediction 1"}],"trainingFinished",[{"id":"EB146C0E-EB6E-4D94-9FA4-BFCC66079110","title":"Training Completed","createdDate":"2021-04-19T00:41:35Z","event":"trainingFinished","subtitle":"AnimalPrediction 1"}],"trainingDataAdded",[{"id":"254F698A-2B74-479F-9107-654E54FA4AA1","title":"Training Data Added","createdDate":"2021-04-19T00:40:16Z","event":"trainingDataAdded","subtitle":"prediction_data.csv"}],"trainingStarted",[{"id":"461F7E94-4DAA-4BEB-9369-C3DBC3030FC7","title":"Training Started","createdDate":"2021-04-19T00:41:33Z","event":"trainingStarted","subtitle":"AnimalPrediction 1"}]],"title":"AnimalPrediction 1","evaluationEntity":{"id":"955daa9e-522b-4ed0-afef-4d02c7b0b249","analysedDataType":"none","dataResult":{}},"evaluationState":"uninitialized","contentDataResult":{},"modifiedDate":"2021-04-19T00:41:35Z","preferredFilename":"AnimalPrediction 1"}