{"dataURL":"file:\/\/\/Users\/fadhilhanri\/Documents\/Challenge\/WWDC%202021\/prediction_data.csv","id":"1DFB2AE4-FA02-4B76-80CA-77282C5B82AB","createdDate":"2021-04-19T02:51:17Z","title":"prediction_data.csv","modifiedDate":"2021-04-19T02:51:17Z","preferredFilename":"prediction_data.csv","version":"1.0","dataResult":{"dataURL":"file:\/\/\/Users\/fadhilhanri\/Documents\/Challenge\/WWDC%202021\/prediction_data.csv"},"activityEntities":[],"pathType":0,"experimentIDs":["4252D0F3-475B-480F-A870-281778230111"]}