{"dataURL":"file:\/\/\/Users\/fadhilhanri\/Documents\/Challenge\/WWDC%202021\/prediction_data.csv","id":"BD97F062-D6F5-4E00-B06A-885ABCFBF558","createdDate":"2021-04-19T00:36:08Z","title":"prediction_data.csv","modifiedDate":"2021-04-19T02:50:22Z","preferredFilename":"prediction_data","version":"1.0","dataResult":{"dataURL":"file:\/\/\/Users\/fadhilhanri\/Documents\/Challenge\/WWDC%202021\/prediction_data.csv"},"activityEntities":["dataSourceMetrics",[{"id":"3B1F7BE5-0F4B-4774-9341-8F3712E57742","title":"Data Summary","createdDate":"2021-04-19T00:41:33Z","event":"dataSourceMetrics","subtitle":"10.001 Items"},{"id":"9F94FBA1-2BA1-492A-A221-7CDD993F1D3C","title":"Data Summary","createdDate":"2021-04-19T01:34:32Z","event":"dataSourceMetrics","subtitle":"10.001 Items"},{"id":"8381F8FA-BA07-4E57-8BED-52933391129E","title":"Data Summary","createdDate":"2021-04-19T02:31:40Z","event":"dataSourceMetrics","subtitle":"10.001 Items"},{"id":"DDDAC273-E1C7-4802-9296-78FD9F869FCB","title":"Data Summary","createdDate":"2021-04-19T02:48:16Z","event":"dataSourceMetrics","subtitle":"10.001 Items"},{"id":"3C284473-5E45-4EB2-8BD2-241F4F5B58FB","title":"Data Summary","createdDate":"2021-04-19T02:50:12Z","event":"dataSourceMetrics","subtitle":"10.001 Items"}],"dataSourceTrainingStarted",[{"id":"4C2C9F23-77CA-4378-8588-ACECB24FED5A","title":"Used By","createdDate":"2021-04-19T00:41:33Z","event":"dataSourceTrainingStarted","subtitle":"AnimalPrediction 1"},{"id":"1F805789-A3E5-4D53-9429-5C02F4AE26E8","title":"Used By","createdDate":"2021-04-19T01:34:32Z","event":"dataSourceTrainingStarted","subtitle":"AnimalPrediction 2"},{"id":"5F904656-3358-4D2B-A681-7193885B1C2A","title":"Used By","createdDate":"2021-04-19T02:31:40Z","event":"dataSourceTrainingStarted","subtitle":"AnimalPrediction 3"},{"id":"FD90A858-DF9C-4641-A37E-3538D33A4CFC","title":"Used By","createdDate":"2021-04-19T02:48:16Z","event":"dataSourceTrainingStarted","subtitle":"AnimalPrediction 4"},{"id":"EF114FA2-CDE9-4161-8750-270A51E9D0AA","title":"Used By","createdDate":"2021-04-19T02:50:12Z","event":"dataSourceTrainingStarted","subtitle":"AnimalPrediction 5"}]],"pathType":0,"experimentIDs":["72EF2F09-ACA7-4AD0-916B-D820DE6E9D17","6375597C-4F20-4487-9881-8180F14A7F6B","29165AC2-75CD-44A4-BCD9-0BBF86BAA67A","1A365D99-1A53-45F9-84BA-99D387F34BB8"]}